GCAGCA	-2.85231
CCACCA	-2.82768
CCAGCA	-2.77622
GCAWCA	-2.28045
GCAPCA	-2.23785
GCASCA	-1.90272
GCAYCA	-1.84345
GCALCA	-1.83034
ACAGCA	-1.78804
SCASCA	-1.74477
GCAHCA	-1.72787
CCAFCA	-1.68334
DCAGCA	-1.61401
NCAWCA	-1.601
ECAGCA	-1.59046
HCAPCA	-1.53273
PCASCA	-1.52076
GCANCA	-1.51576
TCATCA	-1.51293
CCAYCA	-1.38215
ECARCA	-1.34304
DCASCA	-1.33825
GCARCA	-1.33599
FCAWCA	-1.28725
MCAPCA	-1.2583
ACACCA	-1.23178
CCAWCA	-1.21137
GCAKCA	-1.19243
CCAMCA	-1.14028
GCAVCA	-1.10439
WCAYCA	-1.10052
GCAQCA	-1.07934
MCAVCA	-1.07921
CCADCA	-1.07311
PCAYCA	-1.0535
VCAVCA	-1.04514
FCAGCA	-1.04297
ACAPCA	-0.9859
GCATCA	-0.966897
ACAHCA	-0.952986
PCAWCA	-0.941498
ICAVCA	-0.911007
SCATCA	-0.896069
ACASCA	-0.869893
PCATCA	-0.850994
ACAYCA	-0.847673
GCAICA	-0.841131
NCAPCA	-0.837746
GCAMCA	-0.832138
NCATCA	-0.831492
QCAWCA	-0.806673
CCALCA	-0.774048
CCAHCA	-0.762176
YCAYCA	-0.744113
ECASCA	-0.715091
ICAICA	-0.703429
RCAWCA	-0.689638
CCAVCA	-0.670229
VCAYCA	-0.663846
FCAFCA	-0.662443
KCAYCA	-0.657225
VCAWCA	-0.639705
FCAPCA	-0.637651
HCAYCA	-0.635813
KCATCA	-0.635083
SCAYCA	-0.604742
QCATCA	-0.603881
DCAPCA	-0.587003
FCAQCA	-0.573673
FCAYCA	-0.571855
ACAACA	-0.559714
CCAKCA	-0.53596
ECAKCA	-0.526779
ECAQCA	-0.526672
ACAFCA	-0.526223
ACAWCA	-0.52092
HCAHCA	-0.520428
CCAPCA	-0.518883
RCATCA	-0.5102
CCANCA	-0.508589
CCAICA	-0.501592
CCATCA	-0.499874
TCAVCA	-0.495781
CCARCA	-0.481565
CCASCA	-0.476668
TCAYCA	-0.464069
PCAPCA	-0.45534
WCAWCA	-0.455246
FCAVCA	-0.4488
CCAQCA	-0.446723
ICAYCA	-0.446504
LCAWCA	-0.440807
LCAVCA	-0.43484
MCAWCA	-0.432461
MCASCA	-0.430924
FCASCA	-0.4253
RCAYCA	-0.424968
ACAVCA	-0.40815
SCAVCA	-0.40779
ICALCA	-0.404573
KCAPCA	-0.397617
PCARCA	-0.391931
ACAECA	-0.37807
LCALCA	-0.375524
KCASCA	-0.374861
ICATCA	-0.362733
PCAQCA	-0.357124
MCAMCA	-0.35671
QCAQCA	-0.349076
HCAWCA	-0.345098
SCAWCA	-0.341043
KCAVCA	-0.340131
ECATCA	-0.340049
FCAICA	-0.330964
PCAVCA	-0.330301
ACAQCA	-0.327577
HCASCA	-0.326641
FCALCA	-0.326223
LCAYCA	-0.313797
ICAWCA	-0.312216
ECALCA	-0.311392
MCAYCA	-0.300892
KCAWCA	-0.299765
HCATCA	-0.295863
FCATCA	-0.292982
ACAICA	-0.290644
ACALCA	-0.289007
DCAQCA	-0.281578
ICAPCA	-0.280553
QCASCA	-0.27891
FCAMCA	-0.277217
CCAECA	-0.269843
RCAVCA	-0.265531
ICAMCA	-0.262762
ECAECA	-0.262191
LCAPCA	-0.258584
KCAQCA	-0.258321
TCAWCA	-0.245295
ICARCA	-0.244683
ACARCA	-0.238861
ACATCA	-0.233439
LCAQCA	-0.232848
ACAKCA	-0.224411
HCAVCA	-0.216567
LCAMCA	-0.210542
KCALCA	-0.207765
DCADCA	-0.204677
DCAHCA	-0.202632
ECANCA	-0.201988
ACAMCA	-0.20106
HCAMCA	-0.199635
DCAMCA	-0.195464
DCAECA	-0.19283
DCAKCA	-0.192205
QCARCA	-0.189797
NCANCA	-0.185331
FCAHCA	-0.182292
NCAYCA	-0.181506
ECAWCA	-0.168709
NCAQCA	-0.166829
DCANCA	-0.16591
LCARCA	-0.165801
ACANCA	-0.165358
MCANCA	-0.163478
HCAKCA	-0.163322
FCARCA	-0.163159
ECAPCA	-0.162999
QCAYCA	-0.158925
NCARCA	-0.158085
KCAKCA	-0.157046
DCATCA	-0.155567
KCARCA	-0.154681
HCANCA	-0.149905
MCAQCA	-0.147773
ECAICA	-0.144549
ECAMCA	-0.14317
ICAQCA	-0.142976
DCAFCA	-0.141641
FCANCA	-0.140443
QCAVCA	-0.139619
DCARCA	-0.135718
HCAICA	-0.132231
RCARCA	-0.124434
LCATCA	-0.123735
MCATCA	-0.123119
ECAYCA	-0.121324
ECAHCA	-0.120947
HCAQCA	-0.119877
HCALCA	-0.118769
DCALCA	-0.118072
ACADCA	-0.117086
NCASCA	-0.116349
DCAVCA	-0.116259
DCAICA	-0.111169
KCANCA	-0.109666
FCAKCA	-0.10956
KCAMCA	-0.10839
ECAVCA	-0.108017
ECAFCA	-0.107926
RCASCA	-0.105236
ICASCA	-0.102577
DCAWCA	-0.0985215
DCAYCA	-0.0954285
HCARCA	-0.0915598
MCARCA	-0.0907666
LCANCA	-0.0893559
LCASCA	-0.0832158
ICANCA	-0.0825942
NCAVCA	-0.0818824
ICAKCA	-0.0752409
