LCAVCA	70661
ECALCA	69551
ACALCA	67313
KCALCA	60718
ICALCA	60494
LCALCA	52705
LCARCA	52156
ACAVCA	48730
LCASCA	48553
ECAVCA	47280
GCALCA	47170
ECAKCA	47098
ACAECA	45618
ICAVCA	45321
KCAVCA	44232
DCALCA	43980
LCATCA	42958
ECAICA	41014
ACAKCA	40732
ICAKCA	39478
ACAICA	39419
GCAVCA	38623
LCAQCA	38396
ECARCA	38168
RCAVCA	36753
SCAVCA	35992
ACAGCA	35689
FCALCA	35203
ACARCA	35201
TCAVCA	34105
ACASCA	33578
ECASCA	32275
KCASCA	32142
DCAVCA	32024
KCARCA	31741
LCANCA	31518
ECAGCA	31450
GCAKCA	30437
DCAECA	30418
ACATCA	30345
ICARCA	30320
GCAICA	30286
ICASCA	30060
LCAPCA	29923
ACADCA	29884
DCAKCA	29224
VCAVCA	29115
LCAYCA	29048
ECATCA	28411
KCATCA	28350
GCASCA	27969
ICATCA	27900
DCAICA	27249
ACAACA	27105
RCASCA	26396
FCAVCA	26336
ECAQCA	26297
GCARCA	26296
ACAQCA	26012
ECAECA	25442
QCAVCA	25202
GCATCA	24073
SCATCA	23926
KCAKCA	23664
ECAFCA	23660
ACAFCA	23584
DCARCA	23577
PCAVCA	23530
KCAQCA	23263
DCAGCA	22953
NCAVCA	22927
FCAKCA	22614
DCASCA	22572
RCATCA	22557
KCANCA	22225
VCAYCA	22132
FCAICA	22077
ECANCA	21993
ICAQCA	21710
ACAPCA	21500
ACANCA	21268
ECAYCA	21114
KCAYCA	20838
ICAICA	20789
ICANCA	20781
ECAPCA	20332
ACAYCA	20236
DCATCA	20066
CCALCA	20033
QCARCA	19860
QCASCA	19456
KCAPCA	19451
HCALCA	19068
ICAYCA	18821
GCAPCA	18806
FCAGCA	18588
CCAGCA	18496
CCAKCA	18467
FCARCA	18448
ICAPCA	18354
FCASCA	18072
GCAQCA	17875
NCASCA	17784
LCAMCA	17525
PCARCA	17349
GCAYCA	16802
GCANCA	16686
NCARCA	16659
QCATCA	16646
PCASCA	16606
CCAVCA	16542
DCAQCA	16521
DCAFCA	16418
FCATCA	16384
SCAYCA	16287
CCASCA	16260
ACACCA	16151
GCAGCA	16074
RCARCA	16067
RCAYCA	15976
NCATCA	15887
CCAECA	15868
PCATCA	15132
DCAYCA	15026
DCANCA	14971
CCARCA	14940
TCAYCA	14804
SCASCA	14507
DCAPCA	14323
CCACCA	14209
HCAVCA	13892
CCATCA	13616
ECAHCA	13478
CCADCA	13044
NCAQCA	12952
CCAICA	12934
FCAQCA	12899
ACAHCA	12764
HCAKCA	12610
MCAVCA	12489
CCAPCA	12442
FCAYCA	12219
FCANCA	12163
ECAMCA	12146
ACAMCA	12055
PCAQCA	11842
FCAPCA	11813
LCAWCA	11705
TCATCA	11606
HCAICA	11504
KCAMCA	11484
QCAYCA	11380
NCAYCA	11249
ICAMCA	11106
PCAYCA	10916
CCANCA	10897
HCARCA	10861
NCAPCA	10512
DCADCA	10449
GCAHCA	10407
HCASCA	10365
CCAQCA	10246
CCAFCA	9930
CCAYCA	9862
DCAHCA	9370
HCATCA	9206
MCARCA	9192
MCASCA	9042
VCAWCA	8990
GCAMCA	8853
ACAWCA	8598
QCAQCA	8557
ECAWCA	8451
DCAMCA	8228
KCAWCA	8154
MCATCA	8030
CCAHCA	7725
FCAHCA	7364
HCAQCA	7333
FCAFCA	7274
GCAWCA	7155
ICAWCA	7040
HCAPCA	6959
RCAWCA	6936
MCAQCA	6878
FCAMCA	6866
SCAWCA	6730
PCAPCA	6645
HCAYCA	6629
HCANCA	6505
NCANCA	6282
DCAWCA	6080
MCANCA	6068
TCAWCA	6064
MCAPCA	5811
YCAYCA	5731
MCAYCA	5529
PCAWCA	4985
FCAWCA	4934
WCAYCA	4909
QCAWCA	4760
NCAWCA	4526
CCAMCA	4480
CCAWCA	4254
HCAMCA	3596
HCAHCA	2891
HCAWCA	2752
MCAWCA	2349
MCAMCA	2017
WCAWCA	1213
