/home/defense/gelly/PROJECTS/SOFT/DATABASE/PDB_FILTERED_025_30_100_MINIPROTEIN/1pavA.pdb	GCA18A	SCA14A	2.30038
/home/defense/gelly/PROJECTS/SOFT/DATABASE/PDB_FILTERED_025_30_100_MINIPROTEIN/1pavA.pdb	ECA71A	YCA39A	2.61664
/home/defense/gelly/PROJECTS/SOFT/DATABASE/PDB_FILTERED_025_30_100_MINIPROTEIN/5h1sa.pdb	DCA48a	YCA68a	2.72122
/home/defense/gelly/PROJECTS/SOFT/DATABASE/PDB_FILTERED_025_30_100_MINIPROTEIN/2j76E.pdb	GCA43E	NCA7E	2.81746
/home/defense/gelly/PROJECTS/SOFT/DATABASE/PDB_FILTERED_025_30_100_MINIPROTEIN/1titA.pdb	GCA16A	NCA62A	2.82176
/home/defense/gelly/PROJECTS/SOFT/DATABASE/PDB_FILTERED_025_30_100_MINIPROTEIN/2o2oA.pdb	GCA138A	VCA127A	2.96385
/home/defense/gelly/PROJECTS/SOFT/DATABASE/PDB_FILTERED_025_30_100_MINIPROTEIN/1pavA.pdb	GCA44A	PCA17A	2.97086
/home/defense/gelly/PROJECTS/SOFT/DATABASE/PDB_FILTERED_025_30_100_MINIPROTEIN/2lauA.pdb	FCA5A	SCA16A	2.98831
/home/defense/gelly/PROJECTS/SOFT/DATABASE/PDB_FILTERED_025_30_100_MINIPROTEIN/2o01E.pdb	GCA50E	KCA35E	3.01816
/home/defense/gelly/PROJECTS/SOFT/DATABASE/PDB_FILTERED_025_30_100_MINIPROTEIN/2kwqA.pdb	GCA-1A	MCA755A	3.0222
/home/defense/gelly/PROJECTS/SOFT/DATABASE/PDB_FILTERED_025_30_100_MINIPROTEIN/1pavA.pdb	KCA76A	QCA58A	3.04296
/home/defense/gelly/PROJECTS/SOFT/DATABASE/PDB_FILTERED_025_30_100_MINIPROTEIN/3j47V.pdb	LCA280V	LCA261V	3.05525
/home/defense/gelly/PROJECTS/SOFT/DATABASE/PDB_FILTERED_025_30_100_MINIPROTEIN/1borA.pdb	GCA50A	LCA21A	3.06687
/home/defense/gelly/PROJECTS/SOFT/DATABASE/PDB_FILTERED_025_30_100_MINIPROTEIN/2jmvA.pdb	HCA92A	TCA53A	3.07377
/home/defense/gelly/PROJECTS/SOFT/DATABASE/PDB_FILTERED_025_30_100_MINIPROTEIN/1xfeA.pdb	CCA48A	GCA54A	3.08715
/home/defense/gelly/PROJECTS/SOFT/DATABASE/PDB_FILTERED_025_30_100_MINIPROTEIN/1gh5A.pdb	ECA80A	YCA37A	3.08983
/home/defense/gelly/PROJECTS/SOFT/DATABASE/PDB_FILTERED_025_30_100_MINIPROTEIN/1qldA.pdb	ACA57A	GCA64A	3.1067
/home/defense/gelly/PROJECTS/SOFT/DATABASE/PDB_FILTERED_025_30_100_MINIPROTEIN/2d46A.pdb	DCA32A	SCA23A	3.12122
/home/defense/gelly/PROJECTS/SOFT/DATABASE/PDB_FILTERED_025_30_100_MINIPROTEIN/1qhkA.pdb	GCA6A	WCA23A	3.12303
/home/defense/gelly/PROJECTS/SOFT/DATABASE/PDB_FILTERED_025_30_100_MINIPROTEIN/1pavA.pdb	PCA17A	TCA45A	3.15698
/home/defense/gelly/PROJECTS/SOFT/DATABASE/PDB_FILTERED_025_30_100_MINIPROTEIN/1ry3A.pdb	SCA39A	SCA35A	3.15734
/home/defense/gelly/PROJECTS/SOFT/DATABASE/PDB_FILTERED_025_30_100_MINIPROTEIN/1mkcA.pdb	QCA82A	RCA99A	3.16654
/home/defense/gelly/PROJECTS/SOFT/DATABASE/PDB_FILTERED_025_30_100_MINIPROTEIN/2jmvA.pdb	CCA86A	CCA80A	3.16914
/home/defense/gelly/PROJECTS/SOFT/DATABASE/PDB_FILTERED_025_30_100_MINIPROTEIN/1mknA.pdb	FCA34A	RCA47A	3.17356
/home/defense/gelly/PROJECTS/SOFT/DATABASE/PDB_FILTERED_025_30_100_MINIPROTEIN/1dqbA.pdb	LCA20A	YCA25A	3.18336
/home/defense/gelly/PROJECTS/SOFT/DATABASE/PDB_FILTERED_025_30_100_MINIPROTEIN/5h1sa.pdb	ECA47a	GCA62a	3.19436
/home/defense/gelly/PROJECTS/SOFT/DATABASE/PDB_FILTERED_025_30_100_MINIPROTEIN/1dtvA.pdb	DCA15A	ECA67A	3.20053
/home/defense/gelly/PROJECTS/SOFT/DATABASE/PDB_FILTERED_025_30_100_MINIPROTEIN/2adlA.pdb	KCA18A	VCA22A	3.20165
/home/defense/gelly/PROJECTS/SOFT/DATABASE/PDB_FILTERED_025_30_100_MINIPROTEIN/2jmvA.pdb	CCA38A	NCA23A	3.20814
/home/defense/gelly/PROJECTS/SOFT/DATABASE/PDB_FILTERED_025_30_100_MINIPROTEIN/2zjpU.pdb	GCA28U	RCA32U	3.20885
/home/defense/gelly/PROJECTS/SOFT/DATABASE/PDB_FILTERED_025_30_100_MINIPROTEIN/2jmvA.pdb	GCA91A	GCA51A	3.21015
/home/defense/gelly/PROJECTS/SOFT/DATABASE/PDB_FILTERED_025_30_100_MINIPROTEIN/2knjA.pdb	MCA51A	NCA55A	3.21511
/home/defense/gelly/PROJECTS/SOFT/DATABASE/PDB_FILTERED_025_30_100_MINIPROTEIN/1rhxA.pdb	GCA87A	LCA5A	3.21707
/home/defense/gelly/PROJECTS/SOFT/DATABASE/PDB_FILTERED_025_30_100_MINIPROTEIN/2kjxA.pdb	CCA21A	ECA42A	3.2215
/home/defense/gelly/PROJECTS/SOFT/DATABASE/PDB_FILTERED_025_30_100_MINIPROTEIN/1boeA.pdb	GCA51A	LCA46A	3.23147
/home/defense/gelly/PROJECTS/SOFT/DATABASE/PDB_FILTERED_025_30_100_MINIPROTEIN/2juoA.pdb	GCA49A	PCA77A	3.23612
/home/defense/gelly/PROJECTS/SOFT/DATABASE/PDB_FILTERED_025_30_100_MINIPROTEIN/2j8jA.pdb	DCA280A	GCA346A	3.23867
/home/defense/gelly/PROJECTS/SOFT/DATABASE/PDB_FILTERED_025_30_100_MINIPROTEIN/1nkw1.pdb	ECA131	TCA241	3.24159
/home/defense/gelly/PROJECTS/SOFT/DATABASE/PDB_FILTERED_025_30_100_MINIPROTEIN/1emxA.pdb	CCA16A	GCA4A	3.24199
/home/defense/gelly/PROJECTS/SOFT/DATABASE/PDB_FILTERED_025_30_100_MINIPROTEIN/3w3aH.pdb	ECA19H	RCA14H	3.24294
/home/defense/gelly/PROJECTS/SOFT/DATABASE/PDB_FILTERED_025_30_100_MINIPROTEIN/1t23A.pdb	ACA67A	ECA77A	3.24613
/home/defense/gelly/PROJECTS/SOFT/DATABASE/PDB_FILTERED_025_30_100_MINIPROTEIN/1rwsA.pdb	KCA2A	WCA19A	3.2504
/home/defense/gelly/PROJECTS/SOFT/DATABASE/PDB_FILTERED_025_30_100_MINIPROTEIN/1gh5A.pdb	PCA33A	SCA83A	3.2557
/home/defense/gelly/PROJECTS/SOFT/DATABASE/PDB_FILTERED_025_30_100_MINIPROTEIN/2lcyA.pdb	GCA546A	GCA536A	3.25886
/home/defense/gelly/PROJECTS/SOFT/DATABASE/PDB_FILTERED_025_30_100_MINIPROTEIN/5xs1A.pdb	GCA73A	SCA6A	3.25962
/home/defense/gelly/PROJECTS/SOFT/DATABASE/PDB_FILTERED_025_30_100_MINIPROTEIN/1t23A.pdb	ICA64A	SCA80A	3.26677
/home/defense/gelly/PROJECTS/SOFT/DATABASE/PDB_FILTERED_025_30_100_MINIPROTEIN/2dogA.pdb	GCA23A	GCA7A	3.26902
/home/defense/gelly/PROJECTS/SOFT/DATABASE/PDB_FILTERED_025_30_100_MINIPROTEIN/1pxqA.pdb	GCA35A	NCA1A	3.26965
/home/defense/gelly/PROJECTS/SOFT/DATABASE/PDB_FILTERED_025_30_100_MINIPROTEIN/1lpvA.pdb	NCA9A	TCA21A	3.27844
/home/defense/gelly/PROJECTS/SOFT/DATABASE/PDB_FILTERED_025_30_100_MINIPROTEIN/2kh9A.pdb	QCA138A	VCA143A	3.28602
/home/defense/gelly/PROJECTS/SOFT/DATABASE/PDB_FILTERED_025_30_100_MINIPROTEIN/2jmvA.pdb	GCA76A	YCA54A	3.28955
/home/defense/gelly/PROJECTS/SOFT/DATABASE/PDB_FILTERED_025_30_100_MINIPROTEIN/1qldA.pdb	ACA52A	TCA39A	3.29747
/home/defense/gelly/PROJECTS/SOFT/DATABASE/PDB_FILTERED_025_30_100_MINIPROTEIN/1g25A.pdb	MCA22A	VCA60A	3.29892
/home/defense/gelly/PROJECTS/SOFT/DATABASE/PDB_FILTERED_025_30_100_MINIPROTEIN/1ti5A.pdb	CCA42A	GCA31A	3.30082
/home/defense/gelly/PROJECTS/SOFT/DATABASE/PDB_FILTERED_025_30_100_MINIPROTEIN/2m7yA.pdb	DCA56A	PCA46A	3.30096
/home/defense/gelly/PROJECTS/SOFT/DATABASE/PDB_FILTERED_025_30_100_MINIPROTEIN/2jveA.pdb	QCA39A	TCA57A	3.30968
/home/defense/gelly/PROJECTS/SOFT/DATABASE/PDB_FILTERED_025_30_100_MINIPROTEIN/2jmvA.pdb	CCA38A	CCA32A	3.31727
/home/defense/gelly/PROJECTS/SOFT/DATABASE/PDB_FILTERED_025_30_100_MINIPROTEIN/1pavA.pdb	KCA75A	VCA35A	3.32094
/home/defense/gelly/PROJECTS/SOFT/DATABASE/PDB_FILTERED_025_30_100_MINIPROTEIN/1f53A.pdb	GCA47A	WCA66A	3.32555
/home/defense/gelly/PROJECTS/SOFT/DATABASE/PDB_FILTERED_025_30_100_MINIPROTEIN/1wd2A.pdb	KCA43A	RCA38A	3.32575
/home/defense/gelly/PROJECTS/SOFT/DATABASE/PDB_FILTERED_025_30_100_MINIPROTEIN/1ob1C.pdb	GCA71C	SCA67C	3.32585
/home/defense/gelly/PROJECTS/SOFT/DATABASE/PDB_FILTERED_025_30_100_MINIPROTEIN/2al3A.pdb	SCA82A	SCA48A	3.32598
/home/defense/gelly/PROJECTS/SOFT/DATABASE/PDB_FILTERED_025_30_100_MINIPROTEIN/1f53A.pdb	SCA17A	VCA41A	3.32615
/home/defense/gelly/PROJECTS/SOFT/DATABASE/PDB_FILTERED_025_30_100_MINIPROTEIN/1c6sA.pdb	ACA60A	HCA53A	3.32626
/home/defense/gelly/PROJECTS/SOFT/DATABASE/PDB_FILTERED_025_30_100_MINIPROTEIN/4ca9A.pdb	ACA83A	GCA37A	3.32771
/home/defense/gelly/PROJECTS/SOFT/DATABASE/PDB_FILTERED_025_30_100_MINIPROTEIN/2o2oA.pdb	GCA157A	GCA96A	3.32816
/home/defense/gelly/PROJECTS/SOFT/DATABASE/PDB_FILTERED_025_30_100_MINIPROTEIN/2nplX.pdb	ECA27X	GCA4X	3.3285
/home/defense/gelly/PROJECTS/SOFT/DATABASE/PDB_FILTERED_025_30_100_MINIPROTEIN/1wd2A.pdb	ACA60A	CCA64A	3.32978
/home/defense/gelly/PROJECTS/SOFT/DATABASE/PDB_FILTERED_025_30_100_MINIPROTEIN/2rqpA.pdb	FCA173A	GCA177A	3.33169
/home/defense/gelly/PROJECTS/SOFT/DATABASE/PDB_FILTERED_025_30_100_MINIPROTEIN/4uzxA.pdb	GCA164A	VCA160A	3.33426
/home/defense/gelly/PROJECTS/SOFT/DATABASE/PDB_FILTERED_025_30_100_MINIPROTEIN/1k8bA.pdb	ECA63A	VCA59A	3.33589
/home/defense/gelly/PROJECTS/SOFT/DATABASE/PDB_FILTERED_025_30_100_MINIPROTEIN/1ufzA.pdb	GCA46A	RCA42A	3.33814
/home/defense/gelly/PROJECTS/SOFT/DATABASE/PDB_FILTERED_025_30_100_MINIPROTEIN/1borA.pdb	CCA9A	LCA28A	3.34039
/home/defense/gelly/PROJECTS/SOFT/DATABASE/PDB_FILTERED_025_30_100_MINIPROTEIN/2n7kB.pdb	DCA115B	LCA107B	3.34116
/home/defense/gelly/PROJECTS/SOFT/DATABASE/PDB_FILTERED_025_30_100_MINIPROTEIN/2jmbA.pdb	GCA24A	PCA4A	3.34362
/home/defense/gelly/PROJECTS/SOFT/DATABASE/PDB_FILTERED_025_30_100_MINIPROTEIN/2ykrF.pdb	ACA66F	GCA34F	3.34468
/home/defense/gelly/PROJECTS/SOFT/DATABASE/PDB_FILTERED_025_30_100_MINIPROTEIN/6kqvA.pdb	TCA756A	VCA733A	3.34628
/home/defense/gelly/PROJECTS/SOFT/DATABASE/PDB_FILTERED_025_30_100_MINIPROTEIN/7bwoA.pdb	GCA43A	KCA50A	3.34719
/home/defense/gelly/PROJECTS/SOFT/DATABASE/PDB_FILTERED_025_30_100_MINIPROTEIN/1sroA.pdb	GCA20A	ICA35A	3.34861
/home/defense/gelly/PROJECTS/SOFT/DATABASE/PDB_FILTERED_025_30_100_MINIPROTEIN/1qypA.pdb	ACA26A	CCA46A	3.34955
/home/defense/gelly/PROJECTS/SOFT/DATABASE/PDB_FILTERED_025_30_100_MINIPROTEIN/2lwpA.pdb	ECA11A	RCA17A	3.35002
/home/defense/gelly/PROJECTS/SOFT/DATABASE/PDB_FILTERED_025_30_100_MINIPROTEIN/2lw6A.pdb	GCA42A	PCA67A	3.35047
/home/defense/gelly/PROJECTS/SOFT/DATABASE/PDB_FILTERED_025_30_100_MINIPROTEIN/2k6tB.pdb	GCA47B	VCA43B	3.35293
/home/defense/gelly/PROJECTS/SOFT/DATABASE/PDB_FILTERED_025_30_100_MINIPROTEIN/1f53A.pdb	ECA82A	RCA33A	3.35796
/home/defense/gelly/PROJECTS/SOFT/DATABASE/PDB_FILTERED_025_30_100_MINIPROTEIN/5lcsA.pdb	ACA42A	GCA16A	3.36217
/home/defense/gelly/PROJECTS/SOFT/DATABASE/PDB_FILTERED_025_30_100_MINIPROTEIN/1ewwA.pdb	ACA89A	SCA55A	3.36265
/home/defense/gelly/PROJECTS/SOFT/DATABASE/PDB_FILTERED_025_30_100_MINIPROTEIN/1nkw1.pdb	ECA521	SCA141	3.36337
/home/defense/gelly/PROJECTS/SOFT/DATABASE/PDB_FILTERED_025_30_100_MINIPROTEIN/2lcyA.pdb	CCA556A	CCA511A	3.36458
/home/defense/gelly/PROJECTS/SOFT/DATABASE/PDB_FILTERED_025_30_100_MINIPROTEIN/2o2oA.pdb	ECA126A	RCA102A	3.36548
/home/defense/gelly/PROJECTS/SOFT/DATABASE/PDB_FILTERED_025_30_100_MINIPROTEIN/1g4fA.pdb	DCA53A	SCA38A	3.36989
/home/defense/gelly/PROJECTS/SOFT/DATABASE/PDB_FILTERED_025_30_100_MINIPROTEIN/2mvfA.pdb	GCA253A	PCA249A	3.37055
/home/defense/gelly/PROJECTS/SOFT/DATABASE/PDB_FILTERED_025_30_100_MINIPROTEIN/1vyxA.pdb	ACA23A	YCA57A	3.37176
/home/defense/gelly/PROJECTS/SOFT/DATABASE/PDB_FILTERED_025_30_100_MINIPROTEIN/3l48A.pdb	GCA728A	ICA796A	3.37198
/home/defense/gelly/PROJECTS/SOFT/DATABASE/PDB_FILTERED_025_30_100_MINIPROTEIN/2n9wA.pdb	ACA80A	SCA47A	3.37311
/home/defense/gelly/PROJECTS/SOFT/DATABASE/PDB_FILTERED_025_30_100_MINIPROTEIN/2jmvA.pdb	FCA37A	TCA31A	3.37691
/home/defense/gelly/PROJECTS/SOFT/DATABASE/PDB_FILTERED_025_30_100_MINIPROTEIN/1utaA.pdb	ACA269A	DCA274A	3.37877
/home/defense/gelly/PROJECTS/SOFT/DATABASE/PDB_FILTERED_025_30_100_MINIPROTEIN/1gjzB.pdb	ECA16B	QCA2B	3.37948
/home/defense/gelly/PROJECTS/SOFT/DATABASE/PDB_FILTERED_025_30_100_MINIPROTEIN/1f6vA.pdb	NCA11A	PCA43A	3.38301
/home/defense/gelly/PROJECTS/SOFT/DATABASE/PDB_FILTERED_025_30_100_MINIPROTEIN/5t42A.pdb	GCA660A	ICA656A	3.38453
/home/defense/gelly/PROJECTS/SOFT/DATABASE/PDB_FILTERED_025_30_100_MINIPROTEIN/2kq8A.pdb	SCA16A	YCA22A	3.38574
